id;rank;name;employees;previousrank;revenues;revenuechange;profits;profitschange;assets;marketvalue
2;1;Walmart;"2,300,000";1;486 ;0.8%;"$13,643.0 ";-7.2%;199 ;219 
3;2;Berkshire Hathaway;"367,7";4;224 ;6.1%;"$24,074.0 ";0.0%;621 ;411 
4;3;Apple;116;3;216 ;-7.7%;"$45,687.0 ";-14.4%;322 ;754 
5;4;Exxon Mobil;"72,7";2;205 ;-16.7%;"$7,840.0 ";-51.5%;330 ;340 
6;5;McKesson;68;5;192 ;6.2%;"$2,258.0 ";53.0%;057 ;031 
7;6;UnitedHealth Group;230;6;185 ;17.7%;"$7,017.0 ";20.7%;123 ;158 
8;7;CVS Health;204;7;178 ;15.8%;"$5,317.0 ";1.5%;094 ;081 
9;8;General Motors;225;8;166 ;9.2%;"$9,427.0 ";-2.7%;222 ;053 
10;9;AT&T;"268,54";10;164 ;11.6%;"$12,976.0 ";-2.8%;404 ;256 
11;10;Ford Motor;201;9;152 ;1.5%;"$4,596.0 ";-37.7%;238 ;046 
12;11;AmerisourceBergen;"18,5";12;147 ;8.0%;"$1,427.9 ";-;034 ;019 
13;12;Amazon.com;"341,4";18;136 ;27.1%;"$2,371.0 ";297.8%;083 ;423 
14;13;General Electric;295;11;127 ;-9.8%;"$8,831.0 ";-;365 ;260 
15;14;Verizon;"160,9";13;126 ;-4.3%;"$13,127.0 ";-26.6%;244 ;199 
16;15;Cardinal Health;"37,3";21;122 ;18.5%;"$1,427.0 ";17.4%;034 ;026 
17;16;Costco;172;15;119 ;2.2%;"$2,350.0 ";-1.1%;033 ;074 
18;17;Walgreens Boots Alliance;300;19;117 ;13.4%;"$4,173.0 ";-1.1%;073 ;090 
19;18;Kroger;443;17;115 ;5.0%;"$1,975.0 ";-3.1%;037 ;027 
20;19;Chevron;"55,2";14;108 ;-18.0%;-$497.0 ;-110.8%;260 ;203 
21;20;Fannie Mae;7;16;107 ;-2.9%;"$12,313.0 ";12.4%;"$3,287,968";003 
22;21;J.P. Morgan Chase;"243,355";23;105 ;4.4%;"$24,733.0 ";1.2%;"$2,490,972";314 
23;22;Express Scripts Holding;"25,6";22;100 ;-1.4%;"$3,404.4 ";37.5%;052 ;040 
24;23;Home Depot;406;28;095 ;6.9%;"$7,957.0 ";13.5%;043 ;176 
25;24;Boeing;"150,54";24;095 ;-1.6%;"$4,895.0 ";-5.4%;090 ;108 
26;25;Wells Fargo;"269,1";27;094 ;4.6%;"$21,938.0 ";-4.2%;"$1,930,115";279 
27;26;Bank of America Corp.;"208,024";26;094 ;0.7%;"$17,906.0 ";12.7%;"$2,187,702";236 
28;27;Alphabet;"72,053";36;090 ;20.4%;"$19,478.0 ";19.1%;167 ;579 
29;28;Microsoft;114;25;085 ;-8.8%;"$16,798.0 ";37.8%;194 ;509 
30;29;Anthem;53;33;085 ;7.2%;"$2,469.8 ";-3.5%;065 ;044 
31;30;Citigroup;219;29;082 ;-6.7%;"$14,912.0 ";-13.5%;"$1,792,077";165 
32;31;Comcast;159;37;080 ;7.9%;"$8,695.0 ";6.5%;181 ;178 
33;32;IBM;"414,4";31;080 ;-3.1%;"$11,872.0 ";-10.0%;117 ;164 
34;33;State Farm Insurance Cos.;"68,234";35;076 ;0.6%;$350.3 ;-94.4%;256 ;-
35;34;Phillips 66;"14,8";30;072 ;-16.9%;"$1,555.0 ";-63.2%;052 ;041 
36;35;Johnson & Johnson;"126,4";39;072 ;2.6%;"$16,540.0 ";7.3%;141 ;338 
37;36;Procter & Gamble;105;34;072 ;-8.9%;"$10,508.0 ";49.3%;127 ;230 
38;37;Valero Energy;"9,996";32;070 ;-14.2%;"$2,289.0 ";-42.6%;046 ;030 
39;38;Target;323;38;069 ;-5.8%;"$2,737.0 ";-18.6%;037 ;031 
40;39;Freddie Mac;"5,982";43;066 ;3.4%;"$7,815.0 ";22.6%;"$2,023,376";002 
41;40;Lowe;240;47;065 ;10.1%;"$3,093.0 ";21.5%;034 ;070 
42;41;Dell Technologies;138;;065 ;18.1%;"-$1,672.0 ";-;118 ;-
43;42;MetLife;58;40;063 ;-9.3%;$800.0 ;-84.9%;899 ;057 
44;43;Aetna;"49,5";46;063 ;4.7%;"$2,271.0 ";-5.0%;069 ;045 
45;44;PepsiCo;264;44;063 ;-0.4%;"$6,329.0 ";16.1%;074 ;160 
46;45;Archer Daniels Midland;"31,8";41;062 ;-7.9%;"$1,279.0 ";-30.8%;040 ;026 
47;46;UPS;"335,52";48;061 ;4.4%;"$3,431.0 ";-29.2%;040 ;093 
48;47;Intel;106;51;059 ;7.3%;"$10,316.0 ";-9.7%;113 ;171 
49;48;Prudential Financial;"49,739";50;059 ;2.9%;"$4,368.0 ";-22.6%;784 ;046 
50;49;Albertsons Cos.;274;;059 ;115.9%;-$502.2 ;-;024 ;-
51;50;United Technologies;"201,6";45;057 ;-6.2%;"$5,055.0 ";-33.6%;090 ;090 
52;51;Marathon Petroleum;"44,46";42;056 ;-13.5%;"$1,174.0 ";-58.8%;044 ;027 
53;52;Disney;195;53;056 ;6.0%;"$9,391.0 ";12.0%;092 ;179 
54;53;Humana;"51,6";52;054 ;0.2%;$614.0 ;-51.9%;025 ;030 
55;54;Pfizer;"96,5";55;053 ;8.1%;"$7,215.0 ";3.7%;172 ;204 
56;55;AIG;"56,4";49;052 ;-10.2%;-$849.0 ;-138.7%;498 ;061 
57;56;Lockheed Martin;97;60;051 ;9.8%;"$5,302.0 ";47.1%;048 ;078 
58;57;Sysco;"51,9";57;050 ;3.5%;$949.6 ;38.3%;017 ;028 
59;58;FedEx;"335,767";58;050 ;6.1%;"$1,820.0 ";73.3%;046 ;052 
60;59;Hewlett Packard Enterprise;195;;050 ;-;"$3,161.0 ";-;080 ;039 
61;60;Cisco Systems;"73,7";54;049 ;0.2%;"$10,739.0 ";19.6%;122 ;169 
62;61;HP;49;20;048 ;-53.3%;"$2,496.0 ";-45.2%;029 ;030 
63;62;Dow Chemical;56;56;048 ;-1.3%;"$4,318.0 ";-43.8%;080 ;077 
64;63;HCA Holdings;"210,5";63;045 ;2.7%;"$2,890.0 ";35.7%;034 ;033 
65;64;Coca-Cola;"100,3";62;042 ;-5.5%;"$6,527.0 ";-11.2%;087 ;182 
66;65;New York Life Insurance;"11,32";61;041 ;-11.1%;"$1,088.1 ";324.1%;287 ;-
67;66;Centene;"30,5";124;041 ;78.6%;$562.0 ;58.3%;020 ;012 
68;67;American Airlines Group;"122,3";67;040 ;-2.0%;"$2,676.0 ";-64.8%;051 ;021 
69;68;Nationwide;"34,32";69;040 ;-0.4%;$334.3 ;-42.4%;198 ;-
70;69;Merck;68;72;040 ;0.8%;"$3,920.0 ";-11.8%;095 ;174 
71;70;Cigna;41;79;040 ;4.7%;"$1,867.0 ";-10.8%;059 ;038 
72;71;Delta Air Lines;"83,756";68;040 ;-2.6%;"$4,373.0 ";-3.4%;051 ;034 
73;72;Best Buy;125;71;039 ;-0.9%;"$1,228.0 ";36.9%;014 ;015 
74;73;Honeywell International;131;75;039 ;1.9%;"$4,809.0 ";0.9%;054 ;095 
75;74;Caterpillar;"95,4";59;039 ;-18.0%;-$67.0 ;-103.2%;075 ;054 
76;75;Liberty Mutual Insurance Group;50;73;038 ;-2.9%;"$1,006.0 ";95.7%;126 ;-
77;76;Morgan Stanley;"55,311";78;038 ;0.1%;"$5,979.0 ";-2.4%;815 ;080 
78;77;Massachusetts Mutual Life Insurance;"11,737";76;038 ;-1.2%;"$1,273.5 ";-10.6%;271 ;-
79;78;Goldman Sachs Group;"34,4";74;038 ;-3.8%;"$7,398.0 ";21.6%;860 ;091 
80;79;Energy Transfer Equity;"30,992";65;038 ;-11.0%;$995.0 ;-16.3%;079 ;021 
81;80;TIAA;"12,997";82;037 ;5.5%;"$1,492.3 ";22.9%;523 ;-
82;81;Oracle;136;77;037 ;-3.1%;"$8,901.0 ";-10.4%;112 ;184 
83;82;Tyson Foods;114;66;037 ;-10.9%;"$1,768.0 ";44.9%;022 ;022 
84;83;United Continental Holdings;88;80;037 ;-3.5%;"$2,263.0 ";-69.2%;040 ;022 
85;84;Allstate;"43,275";81;037 ;2.5%;"$1,877.0 ";-13.5%;109 ;030 
86;85;Publix Super Markets;191;87;034 ;5.1%;"$2,025.7 ";3.1%;017 ;-
87;86;American Express;"56,4";85;034 ;-1.8%;"$5,408.0 ";4.7%;159 ;071 
88;87;TJX;235;89;033 ;7.2%;"$2,298.2 ";0.9%;013 ;051 
89;88;Nike;"70,7";91;032 ;5.8%;"$3,760.0 ";14.9%;021 ;092 
90;89;Exelon;"34,396";95;031 ;6.5%;"$1,134.0 ";-50.0%;115 ;033 
91;90;General Dynamics;"98,8";88;031 ;-0.4%;"$2,955.0 ";-0.3%;033 ;057 
92;91;Rite Aid;"70,58";107;031 ;15.9%;$165.5 ;-92.2%;011 ;004 
93;92;Gilead Sciences;9;86;030 ;-6.9%;"$13,501.0 ";-25.4%;057 ;089 
94;93;CHS;"12,157";84;030 ;-12.2%;$424.2 ;-45.7%;017 ;-
95;94;3M;"91,584";93;030 ;-0.5%;"$5,050.0 ";4.5%;033 ;114 
96;95;Time Warner;25;99;029 ;4.3%;"$3,926.0 ";2.4%;066 ;076 
97;96;Charter Communications;"91,5";292;029 ;197.3%;"$3,522.0 ";-;149 ;101 
98;97;Northwestern Mutual;"5,646";100;029 ;2.4%;$818.0 ;0.4%;250 ;-
99;98;Facebook;"17,048";157;028 ;54.2%;"$10,217.0 ";177.0%;065 ;411 
100;99;Travelers Cos.;"30,9";105;028 ;3.1%;"$3,014.0 ";-12.4%;100 ;034 
101;100;Capital One Financial;"47,3";112;028 ;9.6%;"$3,751.0 ";-7.4%;357 ;042 
102;101;Twenty-First Century Fox;"21,5";96;027 ;-5.7%;"$2,755.0 ";-66.8%;048 ;060 
103;102;USAA;"29,943";114;027 ;11.4%;"$1,779.1 ";-21.7%;147 ;-
104;103;World Fuel Services;5;92;027 ;-11.1%;$126.5 ;-27.5%;005 ;003 
105;104;Philip Morris International;"79,5";106;027 ;-0.4%;"$6,967.0 ";1.4%;037 ;175 
106;105;Deere;"56,767";97;027 ;-7.7%;"$1,523.9 ";-21.4%;058 ;035 
107;106;Kraft Heinz;41;153;026 ;44.4%;"$3,632.0 ";472.9%;120 ;111 
108;107;Tech Data;"9,5";108;026 ;-0.5%;$195.1 ;-26.6%;008 ;004 
109;108;Avnet;"17,7";102;026 ;-6.1%;$506.5 ;-11.4%;011 ;006 
110;109;Mondelez International;90;102;026 ;-12.5%;"$1,659.0 ";-77.2%;062 ;066 
111;110;Macy;"148,3";103;026 ;-4.8%;$619.0 ;-42.3%;020 ;009 
112;111;AbbVie;30;123;026 ;12.2%;"$5,953.0 ";15.7%;066 ;104 
113;112;McDonald;375;109;025 ;-3.1%;"$4,686.5 ";3.5%;031 ;106 
114;113;DuPont;46;101;025 ;-12.0%;"$2,513.0 ";28.7%;040 ;069 
115;114;Northrop Grumman;67;118;025 ;4.2%;"$2,200.0 ";10.6%;026 ;042 
116;115;ConocoPhillips;"13,3";90;024 ;-21.3%;"-$3,615.0 ";-;090 ;062 
117;116;Raytheon;63;120;024 ;3.5%;"$2,211.0 ";6.6%;030 ;045 
118;117;Tesoro;"6,308";98;024 ;-14.7%;$734.0 ;-52.3%;020 ;010 
119;118;Arrow Electronics;"18,7";119;024 ;2.3%;$522.8 ;5.0%;014 ;007 
120;119;Qualcomm;"30,5";110;024 ;-6.8%;"$5,705.0 ";8.2%;052 ;085 
121;120;Progressive;"31,721";137;023 ;12.4%;"$1,031.0 ";-18.7%;033 ;023 
122;121;Duke Energy;"28,798";115;023 ;-1.0%;"$2,152.0 ";-23.6%;133 ;057 
123;122;Enterprise Products Partners;"6,8";104;023 ;-14.8%;"$2,513.1 ";-0.3%;052 ;059 
124;123;Amgen;"19,2";130;023 ;6.1%;"$7,722.0 ";11.3%;078 ;121 
125;124;US Foods Holding;25;122;023 ;-0.9%;$209.8 ;25.2%;009 ;006 
126;125;U.S. Bancorp;"71,191";131;023 ;5.8%;"$5,888.0 ";0.2%;446 ;087 
127;126;Aflac;"10,212";135;023 ;8.1%;"$2,659.0 ";5.0%;130 ;029 
128;127;Sears Holdings;140;111;022 ;-12.0%;"-$2,221.0 ";-;009 ;001 
129;128;Dollar General;121;139;022 ;7.9%;"$1,251.1 ";7.4%;012 ;019 
130;129;AutoNation;26;136;022 ;3.6%;$430.5 ;-2.7%;010 ;004 
131;130;Community Health Systems;108;125;021 ;-5.8%;"-$1,721.0 ";-;022 ;001 
132;131;Starbucks;254;146;021 ;11.2%;"$2,817.7 ";2.2%;014 ;085 
133;132;Eli Lilly;"41,975";141;021 ;6.3%;"$2,737.6 ";13.7%;039 ;093 
134;133;International Paper;55;127;021 ;-5.8%;$904.0 ;-3.6%;033 ;021 
135;134;Tenet Healthcare;"116,475";140;021 ;4.8%;-$192.0 ;-;025 ;002 
136;135;Abbott Laboratories;75;138;021 ;0.9%;"$1,400.0 ";-68.3%;053 ;077 
137;136;Dollar Tree;"116,05";180;021 ;33.7%;$896.2 ;217.4%;016 ;019 
138;137;Whirlpool;93;134;021 ;-0.8%;$888.0 ;13.4%;019 ;013 
139;138;Southwest Airlines;"53,536";142;020 ;3.1%;"$2,244.0 ";2.9%;023 ;033 
140;139;Emerson Electric;"103,5";128;020 ;-9.1%;"$1,635.0 ";-39.7%;022 ;039 
141;140;Staples;"61,503";132;020 ;-4.0%;"-$1,497.0 ";-494.8%;008 ;006 
142;141;Plains GP Holdings;"5,1";121;020 ;-12.8%;$94.0 ;-20.3%;026 ;009 
143;142;Penske Automotive Group;24;143;020 ;4.0%;$342.9 ;5.2%;009 ;004 
144;143;Union Pacific;"42,919";129;020 ;-8.6%;"$4,233.0 ";-11.3%;056 ;086 
145;144;Danaher;62;133;020 ;-4.8%;"$2,553.7 ";-23.9%;045 ;059 
146;145;Southern;"32,015";162;020 ;13.8%;"$2,448.0 ";3.4%;110 ;049 
147;146;ManpowerGroup;28;144;020 ;1.7%;$443.7 ;5.8%;008 ;007 
148;147;Bristol-Myers Squibb;25;168;019 ;17.3%;"$4,457.0 ";184.8%;034 ;090 
149;148;Altria Group;"8,3";149;019 ;2.6%;"$14,239.0 ";171.7%;046 ;139 
150;149;Fluor;"61,551";155;019 ;5.1%;$281.4 ;-31.8%;009 ;007 
151;150;Kohl;85;145;019 ;-2.7%;$556.0 ;-17.4%;014 ;007 
152;151;Lear;"148,4";154;019 ;1.9%;$975.1 ;30.8%;010 ;010 
153;152;Jabil Circuit;138;158;018 ;2.5%;$254.1 ;-10.5%;010 ;005 
154;153;Hartford Financial Services Group;"16,9";152;018 ;-0.4%;$896.0 ;-46.7%;223 ;018 
155;154;Thermo Fisher Scientific;"54,8";164;018 ;7.7%;"$2,021.8 ";2.3%;046 ;060 
156;155;Kimberly-Clark;42;151;018 ;-2.1%;"$2,166.0 ";113.8%;015 ;047 
157;156;Molina Healthcare;21;201;018 ;25.4%;$52.0 ;-63.6%;007 ;003 
158;157;PG&E Corp.;24;166;018 ;4.9%;"$1,393.0 ";59.4%;069 ;034 
159;158;Supervalu;38;160;018 ;-1.6%;$178.0 ;-7.3%;004 ;001 
160;159;Cummins;"55,4";148;018 ;-8.4%;"$1,394.0 ";-0.4%;015 ;025 
161;160;CenturyLink;40;159;017 ;-2.4%;$626.0 ;-28.7%;047 ;013 
162;161;AECOM;87;156;017 ;-3.2%;$96.1 ;-;014 ;006 
163;162;Xerox;"133,6";150;017 ;-8.2%;-$477.0 ;-200.6%;018 ;007 
164;163;Marriott International;"226,5";195;017 ;17.9%;$780.0 ;-9.2%;024 ;036 
165;164;Paccar;23;147;017 ;-10.9%;$521.7 ;-67.5%;021 ;024 
166;165;General Mills;39;161;017 ;-6.1%;"$1,697.4 ";39.0%;022 ;034 
167;166;PNC Financial Services Group;"50,683";171;016 ;0.9%;"$3,903.0 ";-4.9%;366 ;058 
168;167;American Electric Power;"17,634";165;016 ;-3.1%;$610.9 ;-70.2%;063 ;033 
169;168;Icahn Enterprises;"90,98";184;016 ;7.0%;"-$1,128.0 ";-;033 ;008 
170;169;Nucor;"23,9";170;016 ;-1.4%;$796.3 ;122.6%;015 ;019 
171;170;NextEra Energy;"14,7";163;016 ;-7.6%;"$2,912.0 ";5.8%;090 ;060 
172;171;Performance Food Group;13;185;016 ;5.5%;$68.3 ;20.9%;003 ;002 
173;172;PBF Energy;"3,165";217;016 ;21.3%;$170.8 ;16.7%;008 ;002 
174;173;Halliburton;50;117;016 ;-32.8%;"-$5,763.0 ";-;027 ;043 
175;174;CarMax;"22,429";191;016 ;6.4%;$623.4 ;4.4%;014 ;011 
176;175;Freeport-McMoRan;30;175;016 ;-0.6%;"-$4,154.0 ";-;037 ;019 
177;176;Whole Foods Market;"73,515";181;016 ;2.2%;$507.0 ;-5.4%;006 ;009 
178;177;Bank of New York Mellon Corp.;52;179;016 ;1.0%;"$3,547.0 ";12.3%;333 ;049 
179;178;Gap;135;177;016 ;-1.8%;$676.0 ;-26.5%;008 ;010 
180;179;Omnicom Group;"78,5";186;015 ;1.9%;"$1,148.6 ";5.0%;023 ;020 
181;180;Genuine Parts;40;183;015 ;0.4%;$687.2 ;-2.6%;009 ;014 
182;181;DaVita HealthCare Partners;"70,3";200;015 ;6.9%;$879.9 ;226.2%;019 ;013 
183;182;Colgate-Palmolive;"36,7";174;015 ;-5.2%;"$2,441.0 ";76.4%;012 ;065 
184;183;PPG Industries;47;182;015 ;-1.0%;$877.0 ;-37.6%;016 ;027 
185;184;Goodyear Tire & Rubber;66;169;015 ;-7.8%;"$1,264.0 ";311.7%;017 ;009 
186;185;Synchrony Financial;15;;015 ;11.0%;"$2,251.0 ";1.7%;090 ;028 
187;186;DISH Network;16;187;015 ;0.2%;"$1,449.9 ";94.1%;028 ;030 
188;187;Visa;"14,2";204;015 ;8.7%;"$5,991.0 ";-5.3%;064 ;206 
189;188;Nordstrom;"72,5";197;015 ;2.2%;$354.0 ;-41.0%;008 ;008 
190;189;INTL FCStone;"1,464";83;015 ;-57.5%;$54.7 ;-1.8%;006 ;708 
191;190;WestRock;39;251;015 ;29.2%;-$396.3 ;-178.2%;023 ;013 
192;191;XPO Logistics;87;353;015 ;91.8%;$69.0 ;-;012 ;005 
193;192;Aramark;"217,25";199;014 ;0.6%;$287.8 ;22.0%;011 ;009 
194;193;CBS;"18,41";203;014 ;3.6%;"$1,261.0 ";-10.8%;024 ;028 
195;194;AES;19;190;014 ;-4.5%;"-$1,130.0 ";-469.3%;036 ;007 
196;195;WellCare Health Plans;"7,4";202;014 ;2.5%;$242.1 ;104.1%;006 ;006 
197;196;FirstEnergy;"15,707";188;014 ;-3.1%;"-$6,177.0 ";-;043 ;014 
198;197;ConAgra Foods;"20,9";176;014 ;-10.8%;-$677.0 ;-;013 ;018 
199;198;Synnex;110;212;014 ;5.4%;$234.9 ;12.7%;005 ;004 
200;199;CDW;"8,516";220;014 ;7.6%;$424.4 ;5.3%;007 ;009 
201;200;Textron;36;209;014 ;2.7%;$962.0 ;38.0%;015 ;013 
202;201;Waste Management;"41,2";221;014 ;5.0%;"$1,182.0 ";57.0%;021 ;032 
203;202;Illinois Tool Works;50;211;014 ;1.4%;"$2,035.0 ";7.2%;015 ;046 
204;203;Office Depot;38;196;014 ;-6.2%;$529.0 ;-;006 ;002 
205;204;Monsanto;"22,45";189;014 ;-10.0%;"$1,336.0 ";-42.3%;020 ;050 
206;205;Cognizant Technology Solutions;"260,2";230;013 ;8.6%;"$1,553.0 ";-4.3%;014 ;036 
207;206;Texas Instruments;"29,865";219;013 ;2.8%;"$3,595.0 ";20.4%;016 ;081 
208;207;Lincoln National;"9,057";205;013 ;-1.8%;"$1,192.0 ";3.3%;262 ;015 
209;208;Newell Brands;"53,4";434;013 ;122.1%;$527.8 ;50.8%;034 ;023 
210;209;Land O;10;215;013 ;0.6%;$244.9 ;-20.4%;008 ;-
211;210;Marsh & McLennan;60;222;013 ;2.5%;"$1,768.0 ";10.6%;018 ;038 
212;211;Ecolab;"47,565";206;013 ;-2.9%;"$1,229.6 ";22.7%;018 ;036 
213;212;C.H. Robinson Worldwide;"14,125";208;013 ;-2.5%;$513.4 ;0.7%;004 ;011 
214;213;Loews;"15,8";210;013 ;-2.3%;$654.0 ;151.5%;077 ;016 
215;214;CBRE Group;75;259;013 ;20.4%;$572.0 ;4.5%;011 ;012 
216;215;Kinder Morgan;"11,121";198;013 ;-9.3%;$708.0 ;179.8%;080 ;049 
217;216;Kellogg;"37,369";207;013 ;-3.8%;$694.0 ;13.0%;015 ;025 
218;217;Western Digital;"72,878";194;013 ;-10.8%;$242.0 ;-83.5%;033 ;024 
219;218;Guardian Life Ins. Co. of America;"8,876";226;013 ;2.3%;$263.9 ;-35.7%;070 ;-
220;219;Ross Stores;"78,6";237;013 ;7.8%;"$1,117.7 ";9.5%;005 ;026 
221;220;L Brands;"59,1";234;013 ;3.5%;"$1,158.1 ";-7.6%;008 ;013 
222;221;J.C. Penney;106;228;013 ;-0.6%;$1.0 ;-;009 ;002 
223;222;Farmers Insurance Exchange;"13,309";227;013 ;-0.9%;-$147.9 ;-;016 ;-
224;223;Reynolds American;"5,525";266;013 ;17.1%;"$6,073.0 ";86.7%;051 ;090 
225;224;Viacom;"9,65";213;012 ;-5.9%;"$1,438.0 ";-25.2%;023 ;019 
226;225;Becton Dickinson;"50,928";278;012 ;21.4%;$976.0 ;40.4%;026 ;039 
227;226;Micron Technology;"31,4";173;012 ;-23.4%;-$276.0 ;-109.5%;028 ;032 
228;227;Principal Financial;"14,854";236;012 ;3.6%;"$1,316.5 ";6.7%;228 ;018 
229;228;Arconic;"41,5";126;012 ;-45.0%;-$941.0 ;-;020 ;012 
230;229;NRG Energy;"8,763";193;012 ;-15.8%;-$774.0 ;-;030 ;006 
231;230;VF;69;231;012 ;-1.4%;"$1,074.1 ";-12.8%;010 ;023 
232;231;Devon Energy;"3,545";216;012 ;-7.2%;"-$3,302.0 ";-;026 ;022 
233;232;D.R. Horton;"6,976";260;012 ;12.3%;$886.3 ;18.1%;012 ;012 
234;233;Bed Bath & Beyond;62;238;012 ;1.9%;$841.5 ;-12.1%;006 ;006 
235;234;Consolidated Edison;"14,96";229;012 ;-3.8%;"$1,245.0 ";4.4%;048 ;024 
236;235;Edison International;"12,39";246;012 ;3.0%;"$1,311.0 ";28.5%;051 ;026 
237;236;Sherwin-Williams;"42,55";253;012 ;4.6%;"$1,132.7 ";7.5%;007 ;029 
238;237;NGL Energy Partners;"3,2";167;012 ;-30.1%;-$198.9 ;-633.2%;006 ;003 
239;238;Dominion Resources;"16,2";243;012 ;0.5%;"$2,123.0 ";11.8%;072 ;049 
240;239;Ameriprise Financial;"13,195";232;012 ;-3.8%;"$1,314.0 ";-15.9%;140 ;020 
241;240;ADP;57;248;012 ;1.7%;"$1,492.5 ";2.8%;044 ;046 
242;241;Hilton Worldwide Holdings;169;254;012 ;3.5%;$348.0 ;-75.2%;026 ;019 
243;242;First Data;24;249;012 ;1.2%;$420.0 ;-;040 ;014 
244;243;Henry Schein;21;268;012 ;8.9%;$506.8 ;5.8%;007 ;013 
245;244;Toys ;64;240;012 ;-2.2%;-$36.0 ;-;007 ;-
246;245;BB&T Corp.;"37,5";273;012 ;11.5%;"$2,426.0 ";16.4%;219 ;036 
247;246;Reinsurance Group of America;"2,371";271;012 ;10.6%;$701.4 ;39.7%;053 ;008 
248;247;Core-Mark Holding;"7,688";317;012 ;29.9%;$54.2 ;5.2%;001 ;001 
249;248;Biogen;"7,4";263;011 ;6.4%;"$3,702.8 ";4.4%;023 ;059 
250;249;Las Vegas Sands;49;241;011 ;-2.4%;"$1,670.0 ";-15.1%;020 ;045 
251;250;Stanley Black & Decker;"54,023";256;011 ;1.7%;$965.3 ;9.2%;016 ;020 
252;251;Parker-Hannifin;"48,95";224;011 ;-10.6%;$806.8 ;-20.3%;012 ;021 
253;252;Stryker;33;287;011 ;13.9%;"$1,647.0 ";14.5%;020 ;049 
254;253;Estee Lauder;46;261;011 ;4.5%;"$1,114.6 ";2.4%;009 ;031 
255;254;Celgene;"7,132";305;011 ;21.3%;"$1,999.2 ";24.8%;028 ;097 
256;255;BlackRock;13;250;011 ;-2.2%;"$3,172.0 ";-5.2%;220 ;062 
257;256;Xcel Energy;"11,476";257;011 ;0.7%;"$1,123.4 ";14.1%;041 ;023 
258;257;CSX;"26,628";239;011 ;-6.3%;"$1,714.0 ";-12.9%;035 ;043 
259;258;Unum Group;"9,4";265;011 ;2.9%;$931.4 ;7.4%;062 ;011 
260;259;Jacobs Engineering Group;"49,35";235;011 ;-9.5%;$210.5 ;-30.5%;007 ;007 
261;260;Lennar;"8,335";301;011 ;15.6%;$911.8 ;13.6%;015 ;012 
262;261;Group 1 Automotive;"13,5";267;011 ;2.4%;$147.1 ;56.5%;004 ;002 
263;262;Leucadia National;13;242;011 ;-6.9%;$130.0 ;-54.2%;045 ;009 
264;263;Entergy;"13,513";247;011 ;-5.8%;-$583.6 ;-;046 ;014 
265;264;PayPal Holdings;"18,1";307;011 ;17.2%;"$1,401.0 ";14.1%;033 ;052 
266;265;Applied Materials;"16,15";295;011 ;12.1%;"$1,721.0 ";25.0%;015 ;042 
267;266;Voya Financial;"6,7";252;011 ;-4.9%;-$428.0 ;-204.8%;214 ;007 
268;267;MasterCard;"11,9";294;011 ;11.5%;"$4,059.0 ";6.6%;019 ;121 
269;268;Priceline Group;"18,5";308;011 ;16.5%;"$2,135.0 ";-16.3%;020 ;088 
270;269;Liberty Interactive;"21,08";284;011 ;6.6%;"$1,235.0 ";42.1%;020 ;009 
271;270;AutoZone;"66,78";280;011 ;4.4%;"$1,241.0 ";7.0%;009 ;021 
272;271;State Street Corp.;"33,783";264;011 ;-1.2%;"$2,143.0 ";8.2%;243 ;030 
273;272;DTE Energy;10;274;011 ;2.8%;$868.0 ;19.4%;032 ;018 
274;273;L-3 Communications;38;245;011 ;-8.3%;$710.0 ;-;012 ;013 
275;274;HollyFrontier;"2,676";214;011 ;-20.4%;-$260.5 ;-135.2%;009 ;005 
276;275;Praxair;"26,498";262;011 ;-2.2%;"$1,500.0 ";-3.0%;019 ;034 
277;276;Universal Health Services;"70,863";290;011 ;7.4%;$702.4 ;3.2%;010 ;012 
278;277;Discover Financial Services;"15,549";283;010 ;4.9%;"$2,393.0 ";4.2%;092 ;026 
279;278;Occidental Petroleum;11;225;010 ;-18.1%;-$574.0 ;-;043 ;048 
280;279;United States Steel;"29,8";244;010 ;-11.3%;-$440.0 ;-;009 ;006 
281;280;Sempra Energy;"16,575";279;010 ;-0.5%;"$1,370.0 ";1.6%;048 ;028 
282;281;Baxter International;48;286;010 ;2.0%;"$4,965.0 ";412.9%;016 ;028 
283;282;W.W. Grainger;25;285;010 ;1.6%;$605.9 ;-21.2%;006 ;014 
284;283;Autoliv;"65,9";310;010 ;9.9%;$567.1 ;24.1%;008 ;009 
285;284;Norfolk Southern;"27,856";270;010 ;-5.9%;"$1,668.0 ";7.2%;035 ;033 
286;285;Baker Hughes;33;178;010 ;-37.5%;"-$2,738.0 ";-;019 ;025 
287;286;Ally Financial;"7,6";298;010 ;3.1%;"$1,067.0 ";-17.2%;164 ;009 
288;287;Sonic Automotive;"9,8";297;010 ;1.1%;$93.2 ;8.0%;004 ;900 
289;288;Owens & Minor;"7,9";291;010 ;-0.5%;$108.8 ;5.2%;003 ;002 
290;289;Huntsman;15;277;010 ;-6.2%;$326.0 ;250.5%;009 ;006 
291;290;Laboratory Corp. of America;52;325;010 ;11.1%;$732.1 ;67.6%;014 ;015 
292;291;Murphy USA;"6,6";258;010 ;-11.5%;$221.5 ;25.6%;002 ;003 
293;292;Advance Auto Parts;"57,5";293;010 ;-1.7%;$459.6 ;-2.9%;008 ;011 
294;293;Fidelity National Financial;"55,219";311;010 ;4.6%;$650.0 ;23.3%;014 ;011 
295;294;Air Products & Chemicals;"18,45";288;010 ;-3.7%;$631.1 ;-50.6%;018 ;029 
296;295;Hormel Foods;"21,1";304;010 ;2.8%;$890.1 ;29.7%;006 ;018 
297;296;Hertz Global Holdings;36;269;009 ;-10.0%;-$491.0 ;-279.9%;019 ;001 
298;297;MGM Resorts International;"66,5";309;009 ;2.9%;"$1,101.4 ";-;028 ;016 
299;298;Corning;"40,7";313;009 ;3.1%;"$3,695.0 ";176.0%;028 ;025 
300;299;Republic Services;33;312;009 ;3.0%;$612.6 ;-18.3%;021 ;021 
301;300;Alcoa;14;;009 ;-;-$400.0 ;-;017 ;006 
302;301;Fidelity National Information Services;55;392;009 ;40.1%;$568.0 ;-10.1%;026 ;026 
303;302;Pacific Life;"3,628";326;009 ;6.1%;$824.0 ;24.7%;143 ;-
304;303;SunTrust Banks;"24,375";329;009 ;7.4%;"$1,878.0 ";-2.8%;205 ;027 
305;304;LKQ;"42,5";369;009 ;26.3%;$464.0 ;9.6%;008 ;009 
306;305;BorgWarner;27;339;009 ;13.1%;$118.5 ;-80.6%;009 ;009 
307;306;Ball;"18,45";341;009 ;13.3%;$263.0 ;-6.4%;016 ;013 
308;307;CST Brands;"12,38";299;009 ;-4.6%;$324.0 ;117.4%;004 ;004 
309;308;Public Service Enterprise Group;"13,065";272;009 ;-13.0%;$887.0 ;-47.2%;040 ;022 
310;309;Eastman Chemical;14;296;009 ;-6.6%;$854.0 ;0.7%;015 ;012 
311;310;eBay;"12,6";300;009 ;-5.4%;"$7,266.0 ";321.2%;024 ;036 
312;311;Mohawk Industries;"37,8";338;009 ;11.0%;$930.4 ;51.2%;010 ;017 
313;312;Oneok;"2,384";348;009 ;14.9%;$352.0 ;43.7%;016 ;012 
314;313;Frontier Communications;"28,332";461;009 ;59.5%;-$373.0 ;-;029 ;003 
315;314;Netflix;"3,85";379;009 ;30.3%;$186.7 ;52.2%;014 ;064 
316;315;American Family Insurance Group;"10,471";332;009 ;6.6%;$325.6 ;-53.1%;023 ;-
317;316;Thrivent Financial for Lutherans;"3,282";318;009 ;-0.1%;$587.8 ;-23.6%;089 ;-
318;317;Expedia;"20,075";385;009 ;31.5%;$281.8 ;-63.1%;016 ;019 
319;318;Lithia Motors;"11,17";346;009 ;10.3%;$197.1 ;7.7%;004 ;002 
320;319;Avis Budget Group;"25,6";330;009 ;1.8%;$163.0 ;-47.9%;018 ;003 
321;320;Reliance Steel & Aluminum;"14,5";303;009 ;-7.9%;$304.3 ;-2.3%;007 ;006 
322;321;GameStop;"41,75";302;009 ;-8.1%;$353.2 ;-12.3%;005 ;002 
323;322;Tenneco;31;334;009 ;4.8%;$363.0 ;47.0%;004 ;003 
324;323;O;"58,397";342;009 ;7.9%;"$1,037.7 ";11.4%;007 ;025 
325;324;Peter Kiewit Sons;20;314;009 ;-4.7%;$396.0 ;57.8%;006 ;-
326;325;United Natural Foods;"9,554";335;008 ;3.5%;$125.8 ;-9.3%;003 ;002 
327;326;salesforce.com;25;386;008 ;25.9%;$179.6 ;-;018 ;058 
328;327;Boston Scientific;27;359;008 ;12.2%;$347.0 ;-;018 ;034 
329;328;Newmont Mining;"12,438";349;008 ;8.4%;-$627.0 ;-385.0%;021 ;018 
330;329;Genworth Financial;"3,4";306;008 ;-9.5%;-$277.0 ;-;105 ;002 
331;330;Live Nation Entertainment;"11,5";366;008 ;15.3%;$2.9 ;-;007 ;006 
332;331;Veritiv;"8,7";323;008 ;-4.5%;$21.0 ;-21.3%;002 ;813 
333;332;News Corp.;24;327;008 ;-3.6%;$179.0 ;-;015 ;008 
334;333;Crown Holdings;"23,992";321;008 ;-5.5%;$496.0 ;26.2%;010 ;007 
335;334;Global Partners;"1,77";276;008 ;-20.1%;-$199.4 ;-557.8%;003 ;663 
336;335;PVH;"26,65";340;008 ;2.3%;$549.0 ;-4.1%;011 ;008 
337;336;Level 3 Communications;"12,6";333;008 ;-0.7%;$677.0 ;-80.3%;025 ;021 
338;337;Navistar International;"11,3";281;008 ;-20.0%;-$97.0 ;-;006 ;002 
339;338;Univar;"8,7";315;008 ;-10.1%;-$68.4 ;-514.5%;005 ;004 
340;339;Campbell Soup;"16,5";337;008 ;-1.5%;$563.0 ;-18.5%;008 ;017 
341;340;Dick;"27,55";365;008 ;9.0%;$287.4 ;-13.0%;004 ;005 
342;341;Weyerhaeuser;"10,4";373;008 ;11.6%;"$1,027.0 ";103.0%;019 ;025 
343;342;Mutual of Omaha Insurance;"5,732";367;008 ;9.2%;$356.6 ;7.1%;038 ;-
344;343;Chesapeake Energy;"3,3";223;008 ;-38.3%;"-$4,401.0 ";-;013 ;005 
345;344;Anadarko Petroleum;"4,5";324;008 ;-9.5%;"-$3,071.0 ";-;046 ;035 
346;345;Interpublic Group;"49,8";355;008 ;3.1%;$608.5 ;33.9%;012 ;010 
347;346;J.M. Smucker;"6,91";452;008 ;37.2%;$688.7 ;99.7%;016 ;015 
348;347;Steel Dynamics;"7,695";356;008 ;2.4%;$382.1 ;-;006 ;008 
349;348;Foot Locker;"32,965";361;008 ;4.8%;$664.0 ;22.7%;004 ;010 
350;349;Western Refining;"7,134";289;008 ;-20.9%;$124.9 ;-69.3%;006 ;004 
351;350;SpartanNash;"11,5";351;008 ;1.1%;$56.8 ;-9.4%;002 ;001 
352;351;Dean Foods;17;336;008 ;-5.1%;$119.9 ;-;003 ;002 
353;352;Zimmer Biomet Holdings;"18,5";431;008 ;28.1%;$305.9 ;108.1%;027 ;025 
354;353;PulteGroup;"4,623";433;008 ;28.2%;$602.7 ;22.0%;010 ;007 
355;354;W.R. Berkley;"7,608";368;008 ;6.2%;$601.9 ;19.5%;023 ;009 
356;355;Quanta Services;"28,1";352;008 ;0.2%;$198.4 ;-36.2%;005 ;005 
357;356;EOG Resources;"2,65";322;008 ;-12.6%;"-$1,096.7 ";-;029 ;056 
358;357;Charles Schwab;"16,2";401;008 ;17.6%;"$1,889.0 ";30.5%;223 ;055 
359;358;Eversource Energy;"7,762";343;008 ;-4.0%;$942.3 ;7.3%;032 ;019 
360;359;Anixter International;"8,9";391;008 ;15.6%;$120.5 ;-5.6%;004 ;003 
361;360;EMCOR Group;31;381;008 ;12.3%;$181.9 ;5.6%;004 ;004 
362;361;Assurant;"14,7";275;008 ;-27.1%;$565.4 ;299.4%;030 ;005 
363;362;CenterPoint Energy;"7,727";363;008 ;1.9%;$432.0 ;-;022 ;012 
364;363;Harris;21;505;008 ;48.1%;$324.0 ;-3.0%;012 ;014 
365;364;HD Supply Holdings;14;320;008 ;-14.3%;$196.0 ;-86.7%;006 ;008 
366;365;PPL;"12,689";350;008 ;-2.0%;"$1,902.0 ";178.9%;038 ;025 
367;366;Quest Diagnostics;43;358;008 ;0.3%;$645.0 ;-9.0%;010 ;014 
368;367;Williams;"5,604";364;007 ;1.9%;-$424.0 ;-;047 ;024 
369;368;WEC Energy Group;"8,074";437;007 ;26.1%;$939.0 ;47.1%;030 ;019 
370;369;Hershey;"17,14";362;007 ;0.7%;$720.0 ;40.4%;006 ;023 
371;370;AGCO;"19,795";360;007 ;-0.8%;$160.1 ;-39.9%;007 ;005 
372;371;Ralph Lauren;"20,5";354;007 ;-2.8%;$396.0 ;-43.6%;006 ;007 
373;372;Masco;26;345;007 ;-6.9%;$491.0 ;38.3%;005 ;011 
374;373;WESCO International;9;357;007 ;-2.4%;$101.6 ;-51.8%;004 ;003 
375;374;LifePoint Health;47;430;007 ;20.9%;$121.9 ;-33.0%;006 ;003 
376;375;National Oilwell Varco;"36,384";192;007 ;-50.9%;"-$2,412.0 ";-;021 ;015 
377;376;Kindred Healthcare;"76,65";372;007 ;1.8%;-$664.2 ;-;006 ;711 
378;377;Mosaic;"8,7";316;007 ;-19.5%;$297.8 ;-70.2%;017 ;010 
379;378;Alliance Data Systems;17;404;007 ;10.8%;$515.8 ;-13.5%;026 ;014 
380;379;Computer Sciences;59;233;007 ;-41.7%;$251.0 ;-;008 ;010 
381;380;Huntington Ingalls Industries;37;378;007 ;0.7%;$573.0 ;41.8%;006 ;009 
382;381;Leidos Holdings;32;504;007 ;38.5%;$244.0 ;-3.9%;009 ;008 
383;382;Erie Insurance Group;"4,988";411;007 ;5.7%;$741.9 ;10.7%;018 ;-
384;383;Tesla;"30,025";588;007 ;73.0%;-$674.9 ;-;023 ;045 
385;384;Ascena Retail Group;41;523;007 ;45.6%;-$11.9 ;-;006 ;830 
386;385;Darden Restaurants;"150,942";371;007 ;-3.2%;$375.0 ;-47.1%;005 ;010 
387;386;Harman International Industries;26;419;007 ;12.3%;$361.7 ;5.6%;006 ;-
388;387;Nvidia;"10,299";508;007 ;37.9%;"$1,666.0 ";171.3%;010 ;064 
389;388;R.R. Donnelley & Sons;"44,36";255;007 ;-38.7%;-$495.9 ;-428.2%;004 ;846 
390;389;Fifth Third Bancorp;"17,844";376;007 ;-2.0%;"$1,564.0 ";-8.6%;142 ;019 
391;390;Quintiles Transnational Holdings;50;447;007 ;19.9%;$115.0 ;-70.3%;021 ;019 
392;391;Jones Lang LaSalle;"77,3";436;007 ;14.0%;$318.2 ;-27.5%;008 ;005 
393;392;Dover;29;377;007 ;-3.3%;$508.9 ;-41.5%;010 ;013 
394;393;Spirit AeroSystems Holdings;"14,4";389;007 ;2.2%;$469.7 ;-40.4%;005 ;007 
395;394;Ryder System;"34,5";395;007 ;3.3%;$262.5 ;-13.9%;011 ;004 
396;395;A-Mark Precious Metals;83;426;007 ;11.8%;$9.3 ;31.5%;437 ;120 
397;396;Tractor Supply;"19,5";415;007 ;8.9%;$437.1 ;6.5%;003 ;009 
398;397;Sealed Air;23;375;007 ;-3.6%;$486.4 ;45.0%;007 ;008 
399;398;Auto-Owners Insurance;"4,737";398;007 ;4.0%;$706.3 ;-13.4%;022 ;-
400;399;Yum China Holdings;420;;007 ;-;$502.0 ;-;004 ;010 
401;400;Calpine;"2,372";402;007 ;3.8%;$92.0 ;-60.9%;019 ;004 
402;401;Owens-Illinois;27;418;007 ;8.9%;$209.0 ;54.8%;009 ;003 
403;402;Targa Resources;"1,97";387;007 ;0.5%;-$187.3 ;-421.3%;013 ;012 
404;403;JetBlue Airways;"15,986";405;007 ;3.4%;$759.0 ;12.1%;009 ;007 
405;404;Jones Financial;43;382;007 ;-0.9%;$746.0 ;-11.0%;019 ;-
406;405;Franklin Resources;"9,059";344;007 ;-16.7%;"$1,726.7 ";-15.2%;016 ;024 
407;406;Activision Blizzard;"9,5";532;007 ;41.7%;$966.0 ;8.3%;017 ;037 
408;407;J.B. Hunt Transport Services;"22,19";416;007 ;5.9%;$432.1 ;1.1%;004 ;010 
409;408;Constellation Brands;9;429;007 ;8.6%;"$1,054.9 ";25.7%;017 ;032 
410;409;NCR;"33,5";409;007 ;2.7%;$270.0 ;-;008 ;006 
411;410;Asbury Automotive Group;"7,9";393;007 ;-0.9%;$167.2 ;-1.2%;002 ;001 
412;411;American Financial Group;"7,6";421;006 ;5.7%;$649.0 ;84.4%;055 ;008 
413;412;Discovery Communications;7;406;006 ;1.6%;"$1,194.0 ";15.5%;016 ;011 
414;413;Berry Global Group;21;518;006 ;32.9%;$236.0 ;174.4%;008 ;006 
415;414;Sanmina;"40,178";408;006 ;1.7%;$187.8 ;-50.2%;004 ;003 
416;415;CalAtlantic Group;"3,055";640;006 ;83.0%;$484.7 ;127.0%;009 ;004 
417;416;Dr Pepper Snapple Group;20;413;006 ;2.5%;$847.0 ;10.9%;010 ;018 
418;417;Dillard;"30,8";380;006 ;-5.0%;$169.2 ;-37.2%;004 ;002 
419;418;HRG Group;"16,021";441;006 ;10.1%;-$198.8 ;-;036 ;004 
420;419;CMS Energy;"7,75";403;006 ;-0.9%;$551.0 ;5.4%;022 ;013 
421;420;Graybar Electric;"8,5";423;006 ;4.5%;$93.1 ;2.2%;002 ;-
422;421;Builders FirstSource;14;637;006 ;78.6%;$144.3 ;-;003 ;002 
423;422;Yum Brands;90;218;006 ;-51.4%;"$1,619.0 ";25.2%;005 ;023 
424;423;Casey;"24,724";374;006 ;-10.6%;$226.0 ;25.1%;003 ;004 
425;424;Amphenol;62;462;006 ;12.9%;$822.9 ;7.8%;008 ;022 
426;425;Oshkosh;"13,8";424;006 ;3.0%;$216.4 ;-5.7%;005 ;005 
427;426;iHeartMedia;"18,7";414;006 ;0.5%;-$296.3 ;-;013 ;330 
428;427;TreeHouse Foods;"16,027";686;006 ;92.6%;-$228.6 ;-298.9%;007 ;005 
429;428;Alleghany;"3,42";509;006 ;22.6%;$456.9 ;-18.5%;024 ;009 
430;429;Expeditors International of Washington;16;390;006 ;-7.8%;$430.8 ;-5.8%;003 ;010 
431;430;Avery Dennison;25;435;006 ;2.0%;$320.7 ;16.9%;004 ;007 
432;431;Ameren;"8,629";425;006 ;-0.4%;$653.0 ;3.7%;025 ;013 
433;432;Hanesbrands;"67,8";448;006 ;5.8%;$539.4 ;25.8%;007 ;008 
434;433;Motorola Solutions;14;451;006 ;6.0%;$560.0 ;-8.2%;008 ;014 
435;434;St. Jude Medical;18;465;006 ;8.4%;$734.0 ;-16.6%;013 ;-
436;435;Harley-Davidson;6;432;006 ;-;$692.2 ;-8.0%;010 ;011 
437;436;Regions Financial;"22,166";453;006 ;5.2%;"$1,163.0 ";9.5%;126 ;018 
438;437;Intercontinental Exchange;"5,631";529;006 ;27.3%;"$1,422.0 ";11.6%;082 ;036 
439;438;Alaska Air Group;"19,112";459;006 ;5.9%;$814.0 ;-4.0%;010 ;011 
440;439;Old Republic International;"8,5";442;006 ;2.3%;$466.9 ;10.6%;019 ;005 
441;440;Lam Research;"7,5";491;006 ;11.9%;$914.0 ;39.4%;012 ;021 
442;441;AK Steel Holding;"8,5";383;006 ;-12.1%;-$7.8 ;-;004 ;002 
443;442;Rockwell Automation;22;412;006 ;-6.8%;$729.7 ;-11.8%;007 ;020 
444;443;Adobe Systems;"15,706";524;006 ;22.1%;"$1,168.8 ";85.7%;013 ;064 
445;444;Avon Products;"26,4";370;006 ;-18.4%;-$107.6 ;-;003 ;002 
446;445;Terex;"18,1";396;006 ;-10.7%;-$176.1 ;-220.7%;005 ;003 
447;446;NVR;"4,9";498;006 ;12.9%;$425.3 ;11.1%;003 ;008 
448;447;Dana Holding;"24,9";428;006 ;-3.9%;$640.0 ;302.5%;005 ;003 
449;448;Realogy Holdings;"11,8";449;006 ;1.8%;$213.0 ;15.8%;007 ;004 
450;449;American Tower;"4,507";526;006 ;21.3%;$956.4 ;39.6%;031 ;052 
451;450;Packaging Corp. of America;14;446;006 ;0.6%;$449.6 ;2.9%;006 ;009 
452;451;Citizens Financial Group;"17,6";486;006 ;9.2%;"$1,045.0 ";24.4%;150 ;018 
453;452;United Rentals;"12,5";440;006 ;-0.9%;$566.0 ;-3.2%;012 ;011 
454;453;Clorox;8;455;006 ;1.7%;$648.0 ;11.7%;005 ;017 
455;454;Genesis Healthcare;82;457;006 ;2.0%;-$64.0 ;-;006 ;408 
456;455;M&T Bank Corp.;"16,487";510;006 ;14.5%;"$1,315.1 ";21.8%;123 ;024 
457;456;Ingredion;11;456;006 ;1.5%;$484.9 ;20.6%;006 ;009 
458;457;UGI;"13,105";384;006 ;-15.0%;$364.7 ;29.8%;011 ;009 
459;458;Owens Corning;16;480;006 ;6.1%;$393.0 ;19.1%;008 ;007 
460;459;S&P Global;20;481;006 ;6.6%;"$2,106.0 ";82.2%;009 ;034 
461;460;Markel;"10,9";476;006 ;4.5%;$455.7 ;-21.8%;026 ;014 
462;461;Wyndham Worldwide;"37,8";466;006 ;1.1%;$611.0 ;-0.2%;010 ;009 
463;462;Arthur J. Gallagher;"24,79";471;006 ;3.8%;$414.4 ;16.1%;011 ;010 
464;463;Burlington Stores;40;500;006 ;9.0%;$215.9 ;43.5%;003 ;007 
465;464;First American Financial;"19,531";497;006 ;7.7%;$343.0 ;19.1%;009 ;004 
466;465;Symantec;11;400;006 ;-14.4%;"$2,488.0 ";183.4%;012 ;019 
467;466;Patterson;7;559;006 ;27.0%;$187.2 ;-16.2%;004 ;004 
468;467;Olin;"6,4";761;006 ;94.5%;-$3.9 ;-;009 ;005 
469;468;NetApp;"12,03";422;006 ;-9.4%;$229.0 ;-59.1%;010 ;011 
470;469;Raymond James Financial;"11,9";482;006 ;4.0%;$529.4 ;5.4%;032 ;011 
471;470;TravelCenters of America;"20,259";439;006 ;-5.8%;-$2.0 ;-107.3%;002 ;241 
472;471;Fiserv;23;492;006 ;4.8%;$930.0 ;30.6%;010 ;025 
473;472;Host Hotels & Resorts;220;472;005 ;1.9%;$762.0 ;36.6%;011 ;014 
474;473;Insight Enterprises;"5,93";474;005 ;2.1%;$84.7 ;11.7%;002 ;001 
475;474;Mattel;32;450;005 ;-4.3%;$318.0 ;-13.9%;006 ;009 
476;475;AmTrust Financial Services;8;531;005 ;18.1%;$411.0 ;-8.8%;023 ;003 
477;476;Cincinnati Financial;"4,754";499;005 ;6.0%;$590.7 ;-6.8%;020 ;012 
478;477;Simon Property Group;"4,05";488;005 ;3.2%;"$1,838.9 ";0.6%;031 ;054 
479;478;Western Union;"10,7";468;005 ;-1.1%;$253.2 ;-69.8%;009 ;010 
480;479;KeyCorp;"15,7";540;005 ;19.4%;$791.0 ;-13.6%;136 ;019 
481;480;Delek US Holdings;"1,326";445;005 ;-6.0%;-$153.7 ;-892.3%;003 ;002 
482;481;Booz Allen Hamilton Holding;"22,6";487;005 ;2.5%;$294.1 ;26.5%;003 ;005 
483;482;Chemours;7;;005 ;-;$7.0 ;-;006 ;007 
484;483;Western & Southern Financial Group;"2,178";479;005 ;0.8%;$241.2 ;-47.2%;044 ;-
485;484;Celanese;"7,293";453;005 ;-5.0%;$900.0 ;196.1%;008 ;013 
486;485;Windstream Holdings;"11,87";443;005 ;-6.6%;-$383.5 ;-;012 ;001 
487;486;Seaboard;"11,781";460;005 ;-3.8%;$312.0 ;82.5%;005 ;005 
488;487;Essendant;"6,6";477;005 ;0.1%;$63.9 ;-;002 ;568 
489;488;Apache;"3,727";388;005 ;-19.5%;"-$1,405.0 ";-;023 ;020 
490;489;Airgas;17;484;005 ;0.2%;$337.5 ;-8.3%;006 ;-
491;490;Kelly Services;"7,5";467;005 ;-4.4%;$120.8 ;124.5%;002 ;836 
492;491;Liberty Media;"3,626";525;005 ;10.0%;$680.0 ;962.5%;031 ;013 
493;492;Rockwell Collins;19;490;005 ;-0.1%;$728.0 ;6.1%;008 ;013 
494;493;Robert Half International;"16,4";503;005 ;3.1%;$343.4 ;-4.0%;002 ;006 
495;494;CH2M Hill;20;478;005 ;-2.3%;$15.0 ;-81.3%;003 ;-
496;495;Big Lots;"23,15";495;005 ;0.2%;$152.8 ;7.0%;002 ;002 
497;496;Michaels Cos.;31;517;005 ;5.8%;$378.2 ;4.2%;002 ;004 
498;497;Toll Brothers;"4,2";576;005 ;23.9%;$382.1 ;5.2%;010 ;006 
499;498;Yahoo;"8,5";513;005 ;4.0%;-$214.3 ;-;048 ;044 
500;499;Vistra Energy;"4,431";;005 ;-;-;-;015 ;007 
501;500;ABM Industries;110;485;005 ;-2.8%;$57.2 ;-25.0%;002 ;002 
